id;email;nome_completo;data_nascimento;nome_mae;nome_pai;nacionalidade;rg_rne;orga_expedidor_uf;cpf;estado_civil;pis_pasep;profissao_area_atuacao;numero_registro_profissional;uf;rqe_comprovante_especializacao;comprovante_residencia_medica;numero_cartao_sus;endereco_residencial_comercial;numero;complemento;bairro;cidade;cep;telefone_fixo;celular;data_cadastro
1;Antonia7@yahoo.com;Investor;2020-04-07T03:46:11;strategic engineer deposit;blue;Frozen;Borders cross-platform Generic;blue transitional;32784;Fish;60060;Denar Branch Borders;93984;Keyboard Business-focused;Cotton turn-key Tasty;Customizable;91922;analyzing Towels;24806;innovate supply-chains;panel;National deposit;31053;90454;28587;2020-04-07T10:03:08
2;Layla_Kris@gmail.com;Kansas Tunisia;2020-04-07T09:10:43;Investor Borders;quantifying Baby Handcrafted Metal Ball;dynamic payment quantifying;incubate Keyboard Bedfordshire;Zimbabwe Dollar;8317;Facilitator SDD;86987;Directives SSL Zambian Kwacha;965;Avon;Kroon backing up Avon;withdrawal Mandatory;52015;Money Market Account;66834;Berkshire navigate program;mesh Lao People's Democratic Republic port;Ergonomic;68619;91314;10970;2020-04-07T00:07:53
3;Camren.Davis@hotmail.com;navigate Computer;2020-04-07T20:51:38;Kentucky;azure payment;Oregon Oman;Multi-channelled Associate;Ohio;44633;Communications Managed;21133;maximized Tuna;86933;payment programming;Garden hacking;calculate synthesize;24767;Data;87692;neural product redundant;hardware USB Dynamic;cohesive PNG Fundamental;80560;38109;71014;2020-04-07T14:27:51
4;Jarred91@yahoo.com;salmon;2020-04-07T08:14:23;Lithuania groupware content;Directives;mission-critical;Chair static;Markets Nevada Agent;76073;Roads connecting enterprise;62837;Montana programming;64671;digital e-services expedite;Refined Fresh Towels open-source;Towels zero administration Multi-layered;24102;Avon Toys;87368;sticky bypassing Field;value-added regional bi-directional;Washington;89698;25165;41704;2020-04-07T01:12:34
5;Ashley_Swaniawski@hotmail.com;Garden Plains Gibraltar Pound;2020-04-07T18:35:13;payment;contextually-based Home;Fresh Frozen application;ivory access quantify;mobile;55309;Ball olive;2251;Accountability;2439;Gorgeous;Granite reboot;bypassing Cameroon;56937;composite generating;78458;payment RSS;redefine;synthesizing Cedi B2B;64796;16612;60796;2020-04-07T11:13:31
6;Pierce.Moen82@yahoo.com;Licensed Granite Keyboard Fish;2020-04-07T23:18:17;purple Table bypass;Orchestrator RAM;Factors best-of-breed;infomediaries;Granite;37187;Supervisor deposit grey;59446;online Health programming;53850;Meadow Berkshire;blue;Hat bottom-line Directives;73870;even-keeled front-end Infrastructure;69667;Paradigm world-class;Principal;interfaces connecting;41429;28221;47851;2020-04-07T12:04:08
7;Travon_Marvin@gmail.com;Metal Run;2020-04-07T04:43:30;maximized;Cape Verde;Orchestrator Berkshire;array;Seamless;58554;Facilitator quantifying;45351;system-worthy Internal;84581;Marshall Islands;enable generating;white Ergonomic Plastic Mouse metrics;19090;Communications;2484;Frozen alarm;protocol Dominica;COM violet Architect;65569;49449;72369;2020-04-07T04:46:30
8;Ashtyn.Breitenberg77@yahoo.com;Licensed definition withdrawal;2020-04-07T06:39:57;Toys Granite turquoise;modular copy;EXE Metal rich;Intelligent Concrete Table;Computers;16587;protocol Shirt;85866;XML Small;44224;Savings Account;Home Executive Brook;Practical Granite Gloves Burgs;37401;orchestration Auto Loan Account;92453;Intelligent Rubber Computer Incredible Cotton Soap alarm;Research;Towels override Sausages;39268;69437;81430;2020-04-07T13:53:01
9;Kristoffer_Bernhard25@yahoo.com;synergistic salmon;2020-04-07T11:02:40;scalable;ability Home Loan Account;Diverse monitor Serbia;open-source capacitor enhance;Configuration;41301;Investment Account Legacy bypass;18373;redundant;64995;Minnesota navigate;customized withdrawal;Lane capacitor;6842;Refined Frozen;31055;bandwidth Music;withdrawal;applications Solomon Islands;97505;24063;1133;2020-04-07T23:50:44
10;Lloyd_Barton82@gmail.com;invoice generating;2020-04-07T06:18:30;Buckinghamshire;Gorgeous;Avon Shoes Response;Interactions Steel;payment Frozen olive;99039;content-based initiative Personal Loan Account;83986;product;59183;Illinois quantifying hybrid;Cape Verde Escudo;cross-platform;62757;withdrawal Group;61622;Handcrafted Steel Towels Rubber;synthesizing Auto Loan Account Tuvalu;Persevering;4454;71565;73863;2020-04-07T11:13:57
